when will my order arrive,Common causes of shipment delay
can I get the tracking number for my order,Common causes of shipment delay
what is the tracking number for my order,Common causes of shipment delay
why haven't I got my order yet,Common causes of shipment delay
my order was supposed to arrive today and it didn't,Common causes of shipment delay
what's going on with my order,Common causes of shipment delay
can I get an update on my order,Common causes of shipment delay
has my order shipped,Common causes of shipment delay
what's the status of my order,Common causes of shipment delay
what is the status of my order,Common causes of shipment delay
where's my order,Common causes of shipment delay
I can't find my order,Common causes of shipment delay
my order hasn't arrived yet,Common causes of shipment delay
when should I expect to receive my order,Common causes of shipment delay
how come I haven't received my order,Common causes of shipment delay
please provide me with an update on my order status,Common causes of shipment delay
my tracking number is invalid,Common causes of shipment delay
where is my tracking number,Common causes of shipment delay
I can't find my tracking number,Common causes of shipment delay
give me an update on my order,Common causes of shipment delay
I want an update on my order,Common causes of shipment delay
what will it take to pay off my credit card,How an account payoff is calculated
what will it take to pay off my loan,How an account payoff is calculated
what do I owe on my account,How an account payoff is calculated
what do I owe on my credit card,How an account payoff is calculated
how much is left on my truck loan,How an account payoff is calculated
what is the payoff on my car loan,How an account payoff is calculated
what is my current payoff,How an account payoff is calculated
what's the total balance on my account,How an account payoff is calculated
how much do I owe on my loan,How an account payoff is calculated
when will my loan be paid off,How an account payoff is calculated
can I pay off my loan,How an account payoff is calculated
when can I pay off my loan,How an account payoff is calculated
how quickly can I pay off my loan,How an account payoff is calculated
are there any fees if I pay off my loan early,How an account payoff is calculated
is there a penalty if I pay off my loan before it matures,How an account payoff is calculated
what is the process to pay off my loan sooner,How an account payoff is calculated
where can I find information about early loan payments,How an account payoff is calculated
how much interest will I pay if I wait until next month,How an account payoff is calculated
what is the interest rate for my credit card,How an account payoff is calculated
how much time is left before my loan is paid off,How an account payoff is calculated
what is the payoff amount,How an account payoff is calculated
are there any 1213141's in stock,How long does it take to replenish stock on items
do you have 5 of part xyz available,How long does it take to replenish stock on items
are there any xyz on the shelves,How long does it take to replenish stock on items
how quickly can I get 24225s,How long does it take to replenish stock on items
how quickly can you ship 2353532s,How long does it take to replenish stock on items
I need 2355325325s immediately. How fast can you ship them,How long does it take to replenish stock on items
I need 5 of 23552523s right away. Do you have any on hand,How long does it take to replenish stock on items
when will you have any xyz in stock,How long does it take to replenish stock on items
when will 352532s be available to ship,How long does it take to replenish stock on items
how long will it take you to have any 235352s,How long does it take to replenish stock on items
is xyz product still in stock,How long does it take to replenish stock on items
I need 10 more of product 129342,How long does it take to replenish stock on items
when are you going to have more product in stock,How long does it take to replenish stock on items
how long until the product is back in stock,How long does it take to replenish stock on items
when is stock replenished,How long does it take to replenish stock on items
when does your warehouse get more inventory,How long does it take to replenish stock on items
when do you expect the product to be available again,How long does it take to replenish stock on items
how long do I have to wait until I can get the product,How long does it take to replenish stock on items
how much time will it take before I can order more,How long does it take to replenish stock on items
do you have any 203438 in inventory,How long does it take to replenish stock on items
I need to know if you have any inventory left,How long does it take to replenish stock on items
can I change when my shipment arrives,How to change delivery once an item ships
what happens if I am not home when the package is delivered,How to change delivery once an item ships
how can I change delivery for my order,How to change delivery once an item ships
my order is scheduled to arrive today. Can I change this,How to change delivery once an item ships
my order shipped and I need to change where it is delivered,How to change delivery once an item ships
is there a way to change when my order will arrive,How to change delivery once an item ships
can I update the delivery address for an order,How to change delivery once an item ships
I won't be home when my order arrives,How to change delivery once an item ships
I need to change when and where my order is delivered,How to change delivery once an item ships
can I change the address for my shipment,How to change delivery once an item ships
can I use a different shipping company,How to change delivery once an item ships
can I sign for the package in advance,How to change delivery once an item ships
can someone else sign for the package,How to change delivery once an item ships
I want to change the address where the package is shipped,How to change delivery once an item ships
can I change the email address I use for notifications,How to change delivery once an item ships
can I change my phone number for notifications,How to change delivery once an item ships
what if I'm not home when the package is delivered,How to change delivery once an item ships
I want to change the delivery date,How to change delivery once an item ships
I want to send the package to my friend's house,How to change delivery once an item ships
how can I change the delivery address after the package is shipped,How to change delivery once an item ships
is it possible to change the address after shipment,How to change delivery once an item ships
will my plan cover my medication,How treatment eligibility is determined
will my plan cover lipitor,How treatment eligibility is determined
can I get my medication paid for,How treatment eligibility is determined
is my prescription covered,How treatment eligibility is determined
is my cholesterol medication covered,How treatment eligibility is determined
I have a prescription for percocet. Is it covered,How treatment eligibility is determined
does my plan cover my medication,How treatment eligibility is determined
does my plan cover albuterol,How treatment eligibility is determined
can I get my medication,How treatment eligibility is determined
will you pay for my medication,How treatment eligibility is determined
how do I know if I'm covered,How treatment eligibility is determined
how can I determine if I'm eligible for coverage,How treatment eligibility is determined
where in the online portal can I find my eligibility,How treatment eligibility is determined
does the plan cover my new prescription,How treatment eligibility is determined
what conditions need to be met for me to be eligible,How treatment eligibility is determined
does my plan cover my insulin shots,How treatment eligibility is determined
what prescriptions are covered by my plan,How treatment eligibility is determined
can you tell me what I'm covered for,How treatment eligibility is determined
how do I know if I'm eligible,How treatment eligibility is determined
is vicadin covered by my plan,How treatment eligibility is determined
am I covered for my prescription,How treatment eligibility is determined
can you tell me whats up with case 12441,Procedures for case management
can you tell me whats up with my case,Procedures for case management
whats going on with case 3252352,Procedures for case management
whats going on with my case,Procedures for case management
is case 235252 being worked on,Procedures for case management
is my case being worked on,Procedures for case management
when was the last time case 3252352 was updated,Procedures for case management
when was the last time my case was updated,Procedures for case management
what is the status of my case,Procedures for case management
what is the status of case 35252,Procedures for case management
what's the status of case 321353,Procedures for case management
how come my case 132424 is closed,Procedures for case management
why is my case 132421 closed,Procedures for case management
why is my case still open,Procedures for case management
is someone looking into my issue,Procedures for case management
what is the latest update for my case,Procedures for case management
what's the latest update for my case 12343,Procedures for case management
can someone look into my issue,Procedures for case management
who is the owner of my case,Procedures for case management
when will my case be closed,Procedures for case management
the online portal says my case is closed,Procedures for case management
what's the balance on my checking account,Reasons a balance may not reflect all transactions
what is the balance in my savings account,Reasons a balance may not reflect all transactions
what's my balance,Reasons a balance may not reflect all transactions
how much do I have in checking,Reasons a balance may not reflect all transactions
how much money is in my savings,Reasons a balance may not reflect all transactions
tell me what the balance of my account is,Reasons a balance may not reflect all transactions
check account balance,Reasons a balance may not reflect all transactions
I want to check my account balance,Reasons a balance may not reflect all transactions
how much is in my checking account,Reasons a balance may not reflect all transactions
how much is available in savings,Reasons a balance may not reflect all transactions
how come I don't see the recent transaction,Reasons a balance may not reflect all transactions
where are today's checking withdrawals,Reasons a balance may not reflect all transactions
how come the recent transactions are missing,Reasons a balance may not reflect all transactions
what is the balance of my investment account,Reasons a balance may not reflect all transactions
what is the balance of my savings account,Reasons a balance may not reflect all transactions
why is my most recent transfer not showing up,Reasons a balance may not reflect all transactions
when will my transfer show up online,Reasons a balance may not reflect all transactions
what do I need to do to refresh my transaction list,Reasons a balance may not reflect all transactions
where can i find the most recent list of transactions,Reasons a balance may not reflect all transactions
where can I check my recent transactions,Reasons a balance may not reflect all transactions
why is my statement not showing yesterday's transactions,Reasons a balance may not reflect all transactions
tell me when I need to pay my credit card,Reasons a loan balance may be different than the last statement
how much is my next car payment,Reasons a loan balance may be different than the last statement
when is my credit card payment due,Reasons a loan balance may be different than the last statement
how much is my next payment,Reasons a loan balance may be different than the last statement
when is my next payment due,Reasons a loan balance may be different than the last statement
what is the status of my loan,Reasons a loan balance may be different than the last statement
what do I need to pay,Reasons a loan balance may be different than the last statement
why is my statement lower than my online balance,Reasons a loan balance may be different than the last statement
I need to check my mortgage balance,Reasons a loan balance may be different than the last statement
when do I need to make my next payment,Reasons a loan balance may be different than the last statement
when is my next mortgage payment,Reasons a loan balance may be different than the last statement
when is my next loan payment,Reasons a loan balance may be different than the last statement
what is the amount of my last statement,Reasons a loan balance may be different than the last statement
can i pay the interest owing only,Reasons a loan balance may be different than the last statement
where is the interest owing withdrawn from,Reasons a loan balance may be different than the last statement
from which account is interest withdrawn,Reasons a loan balance may be different than the last statement
when will my loan be paid off in full,Reasons a loan balance may be different than the last statement
what is the date of my last loan payment,Reasons a loan balance may be different than the last statement
how many more months until my loan is paid off,Reasons a loan balance may be different than the last statement
how many years before the loan is paid,Reasons a loan balance may be different than the last statement
I made two payments last month. How come they're both not applied,Reasons a loan balance may be different than the last statement
transfer $100 from checking to savings,Requirements for transfering funds
transfer money into my savings,Requirements for transfering funds
please transfer $50 into my credit card,Requirements for transfering funds
transfer $25 to my auto loan,Requirements for transfering funds
move $150 from checking to credit card,Requirements for transfering funds
I want to pay $25 on my credit card,Requirements for transfering funds
Pay $350 on my car loan,Requirements for transfering funds
Transfer funds,Requirements for transfering funds
I want to transfer funds,Requirements for transfering funds
I want to put money in my savings,Requirements for transfering funds
pay $20 to my credit card,Requirements for transfering funds
pay minimum amount owing on my credit card,Requirements for transfering funds
transfer $200 from savings to checking,Requirements for transfering funds
I want to transfer $150 to my investment account,Requirements for transfering funds
how can I transfer money between accounts,Requirements for transfering funds
can I transfer money to another financial institution,Requirements for transfering funds
I want to transfer money to an external bank,Requirements for transfering funds
is there a charge to withdraw money from my investment account,Requirements for transfering funds
am I allowed to withdraw funds from my 401k,Requirements for transfering funds
transfer to my credit line,Requirements for transfering funds
I want to transfer money overseas,Requirements for transfering funds
can we meet to review my money,Technical requirements for virtual meetings
I want to schedule a financial planning session,Technical requirements for virtual meetings
Is it possible to meet Tuesday morning,Technical requirements for virtual meetings
can we go over my finances,Technical requirements for virtual meetings
I want to discuss my finances,Technical requirements for virtual meetings
can someone talk with me about saving for college,Technical requirements for virtual meetings
I need help planning my retirement,Technical requirements for virtual meetings
I want to review my retirement plan,Technical requirements for virtual meetings
do you offer financial planning,Technical requirements for virtual meetings
do you have financial advisors I can talk to,Technical requirements for virtual meetings
I want to talk to a financial advisor,Technical requirements for virtual meetings
can I have a virtual meeting with an advisor,Technical requirements for virtual meetings
how can we meet without getting together in person,Technical requirements for virtual meetings
is there an option for a virtual meeting,Technical requirements for virtual meetings
can we discuss my investment strategy,Technical requirements for virtual meetings
I'd like to talk to an expert about retiremenent planning,Technical requirements for virtual meetings
I want to discuss my child's education costs,Technical requirements for virtual meetings
can someone help me with minimizing taxes,Technical requirements for virtual meetings
I want to optimize my financial portfolio,Technical requirements for virtual meetings
what browser do I need for virtual meetings,Technical requirements for virtual meetings
is it possible to discuss without meeting face-to-face,Technical requirements for virtual meetings
is there an in-network option for back surgery nearby,The differences between in-network and out-of-network providers
is there an in-network provider in 90210,The differences between in-network and out-of-network providers
where is the nearest surgery center my plan covers,The differences between in-network and out-of-network providers
where can I get knee replacement in 80210,The differences between in-network and out-of-network providers
is there a surgeon in 90210,The differences between in-network and out-of-network providers
I'm looking for a provider,The differences between in-network and out-of-network providers
all I can find are out of network providers,The differences between in-network and out-of-network providers
are there any doctors available in my town,The differences between in-network and out-of-network providers
do you cover specialists here,The differences between in-network and out-of-network providers
where is the nearest family doctor,The differences between in-network and out-of-network providers
how can I find a provider for my surgery,The differences between in-network and out-of-network providers
where is the best place to get surgery,The differences between in-network and out-of-network providers
am i eligible for surgery with my provider,The differences between in-network and out-of-network providers
do I have to go out of network to get assistance,The differences between in-network and out-of-network providers
am I eligible to have my in-network provider perform the surgery,The differences between in-network and out-of-network providers
who is the best provider for my needs,The differences between in-network and out-of-network providers
what's the difference between in-network and out-of-network,The differences between in-network and out-of-network providers
what are the differences between providers,The differences between in-network and out-of-network providers
what does in-network mean,The differences between in-network and out-of-network providers
what does out-of-network mean,The differences between in-network and out-of-network providers
I'm confused about in-network and out-of-network,The differences between in-network and out-of-network providers
passwords suck,Why password reset requires human intervention
I forgot my password,Why password reset requires human intervention
I hate passwords,Why password reset requires human intervention
I can't remember my stupid password,Why password reset requires human intervention
how do I change my password,Why password reset requires human intervention
can you change my password,Why password reset requires human intervention
I need to change my password,Why password reset requires human intervention
how do I reset my password,Why password reset requires human intervention
password reset,Why password reset requires human intervention
I need to reset my password,Why password reset requires human intervention
how come I need to speak to an agent to reset my password,Why password reset requires human intervention
why do I need a human to reset my password,Why password reset requires human intervention
why does a human need to reset my password,Why password reset requires human intervention
can't I reset my password automatically,Why password reset requires human intervention
what is my password,Why password reset requires human intervention
I can't reset my password,Why password reset requires human intervention
can i reset my password online,Why password reset requires human intervention
why can't I reset my password online,Why password reset requires human intervention
i didn't get a password reset confirmation email,Why password reset requires human intervention
where can I reset my password,Why password reset requires human intervention
I don't want support to change my password,Why password reset requires human intervention
is there a cheaper cholesterol drug,Why some medications are not available in generic form
is there a cheaper cholesterol medication,Why some medications are not available in generic form
is there a less expensive version of lipitor,Why some medications are not available in generic form
is there a less expensive option,Why some medications are not available in generic form
is there a generic version of albuterol,Why some medications are not available in generic form
is there a generic version of my medication,Why some medications are not available in generic form
is there a generic version of my prescription,Why some medications are not available in generic form
is there a generic option available,Why some medications are not available in generic form
can I find a cheaper drug option,Why some medications are not available in generic form
I cannot afford my medication,Why some medications are not available in generic form
can I buy my medication in canada,Why some medications are not available in generic form
where can I get a cheaper option,Why some medications are not available in generic form
is there a cheaper version of my medication,Why some medications are not available in generic form
is there a cheaper version of my prescription,Why some medications are not available in generic form
where is there a cheaper option available,Why some medications are not available in generic form
why do I have to buy branded medication,Why some medications are not available in generic form
can I buy an off-brand prescription,Why some medications are not available in generic form
where can i get no-name medication,Why some medications are not available in generic form
is off-brand medication an option,Why some medications are not available in generic form
can i buy the same prescription in canada,Why some medications are not available in generic form
can I buy insulin anywhere else,Why some medications are not available in generic form
