6e9fee79-6928-4065-991a-4aedd32a13ea.sample-knowledge-articles-dataset (1),
I need to change my billing and shipping info?,How to Change Billing and Shipping Info
"my billing address is same as shipping, please update",How to Change Billing and Shipping Info
how can I switch billing preferences,How to Change Billing and Shipping Info
my billing info is wrong,How to Change Billing and Shipping Info
can you help me update my billing information,How to Change Billing and Shipping Info
my billing info is out of date1,How to Change Billing and Shipping Info
my billing info is out of date2,How to Change Billing and Shipping Info
my billing info is out of date3,How to Change Billing and Shipping Info
my billing info is out of date4,How to Change Billing and Shipping Info
my billing info is out of date5,How to Change Billing and Shipping Info
my billing info is out of date6,How to Change Billing and Shipping Info
my billing info is out of date7,How to Change Billing and Shipping Info
my billing info is out of date8,How to Change Billing and Shipping Info
my billing info is out of date9,How to Change Billing and Shipping Info
my billing info is out of date10,How to Change Billing and Shipping Info
my billing info is out of date11,How to Change Billing and Shipping Info
my billing info is out of date12,How to Change Billing and Shipping Info
my billing info is out of date13,How to Change Billing and Shipping Info
my billing info is out of date14,How to Change Billing and Shipping Info
my billing info is out of date15,How to Change Billing and Shipping Info
make an account change,How to Change Account Info
"I need to update my account, can you help?",How to Change Account Info
how can I change my account details,How to Change Account Info
how do I update account settings 1,How to Change Account Info
how do I update account settings 2,How to Change Account Info
how do I update account settings 3,How to Change Account Info
how do I update account settings 4,How to Change Account Info
how do I update account settings 5,How to Change Account Info
how do I update account settings 6,How to Change Account Info
how do I update account settings 7,How to Change Account Info
how do I update account settings 8,How to Change Account Info
how do I update account settings 9,How to Change Account Info
how do I update account settings 10,How to Change Account Info
how do I update account settings 11,How to Change Account Info
how do I update account settings 12,How to Change Account Info
how do I update account settings 13,How to Change Account Info
how do I update account settings 14,How to Change Account Info
how do I update account settings 15,How to Change Account Info
how do I update account settings 16,How to Change Account Info
how do I update account settings 17,How to Change Account Info
user profile update,How to Update User Profile
can you change my profile to a new address,How to Update User Profile
can you chage my profile to have my latest address,How to Update User Profile
I would like to update my user profile information.1,How to Update User Profile
I would like to update my user profile information.2,How to Update User Profile
I would like to update my user profile information.3,How to Update User Profile
I would like to update my user profile information.4,How to Update User Profile
I would like to update my user profile information.5,How to Update User Profile
I would like to update my user profile information.6,How to Update User Profile
I would like to update my user profile information.7,How to Update User Profile
I would like to update my user profile information.8,How to Update User Profile
I would like to update my user profile information.9,How to Update User Profile
I would like to update my user profile information.10,How to Update User Profile
I would like to update my user profile information.11,How to Update User Profile
I would like to update my user profile information.12,How to Update User Profile
I would like to update my user profile information.13,How to Update User Profile
I would like to update my user profile information.14,How to Update User Profile
I would like to update my user profile information.15,How to Update User Profile
I would like to update my user profile information.16,How to Update User Profile
I would like to update my user profile information.17,How to Update User Profile
Which number should I use for credit card security code?,How to Find Security Code on Credit Card
where is the security code on my credit card,How to Find Security Code on Credit Card
Where can I find the security code for my credit card?,How to Find Security Code on Credit Card
What is security code on my credit card?1,How to Find Security Code on Credit Card
What is security code on my credit card?2,How to Find Security Code on Credit Card
What is security code on my credit card?3,How to Find Security Code on Credit Card
What is security code on my credit card?4,How to Find Security Code on Credit Card
What is security code on my credit card?5,How to Find Security Code on Credit Card
What is security code on my credit card?6,How to Find Security Code on Credit Card
What is security code on my credit card?7,How to Find Security Code on Credit Card
What is security code on my credit card?8,How to Find Security Code on Credit Card
What is security code on my credit card?9,How to Find Security Code on Credit Card
What is security code on my credit card?10,How to Find Security Code on Credit Card
What is security code on my credit card?11,How to Find Security Code on Credit Card
What is security code on my credit card?12,How to Find Security Code on Credit Card
What is security code on my credit card?13,How to Find Security Code on Credit Card
What is security code on my credit card?14,How to Find Security Code on Credit Card
What is security code on my credit card?15,How to Find Security Code on Credit Card
What is security code on my credit card?16,How to Find Security Code on Credit Card
What is security code on my credit card?17,How to Find Security Code on Credit Card
can you tell me the cost of the item I purchased,How to Review Purchase History
how much did you charge me,How to Review Purchase History
why was I charged that much,How to Review Purchase History
Where can I view all of the purchase history for this year?,How to Review Purchase History
I would like to know what I bought this year.1,How to Review Purchase History
I would like to know what I bought this year.2,How to Review Purchase History
I would like to know what I bought this year.3,How to Review Purchase History
I would like to know what I bought this year.4,How to Review Purchase History
I would like to know what I bought this year.5,How to Review Purchase History
I would like to know what I bought this year.6,How to Review Purchase History
I would like to know what I bought this year.7,How to Review Purchase History
I would like to know what I bought this year.8,How to Review Purchase History
I would like to know what I bought this year.9,How to Review Purchase History
I would like to know what I bought this year.10,How to Review Purchase History
I would like to know what I bought this year.11,How to Review Purchase History
I would like to know what I bought this year.12,How to Review Purchase History
I would like to know what I bought this year.13,How to Review Purchase History
I would like to know what I bought this year.14,How to Review Purchase History
I would like to know what I bought this year.15,How to Review Purchase History
I would like to know what I bought this year.16,How to Review Purchase History
where do I update my account information for payments,How to Change Payment Info
how do I change payment options,How to Change Payment Info
I would like to update my credit card information.,How to Change Payment Info
I got a new credit card that I want to use for payment.,How to Change Payment Info
I would like to change my payment method.,How to Change Payment Info
Can I change my credit card1,How to Change Payment Info
Can I change my credit card2,How to Change Payment Info
Can I change my credit card3,How to Change Payment Info
Can I change my credit card4,How to Change Payment Info
Can I change my credit card5,How to Change Payment Info
Can I change my credit card6,How to Change Payment Info
Can I change my credit card7,How to Change Payment Info
Can I change my credit card8,How to Change Payment Info
Can I change my credit card9,How to Change Payment Info
Can I change my credit card10,How to Change Payment Info
Can I change my credit card11,How to Change Payment Info
Can I change my credit card12,How to Change Payment Info
Can I change my credit card13,How to Change Payment Info
Can I change my credit card14,How to Change Payment Info
Can I change my credit card15,How to Change Payment Info
How can I set up a corporate account?,How to Set up a Corporate Account
I would like to know more about setting up a company account.,How to Set up a Corporate Account
What information do I need to provide in order to set up a corporate account?,How to Set up a Corporate Account
I'm looking for some information about corporate accounts.1,How to Set up a Corporate Account
I'm looking for some information about corporate accounts.2,How to Set up a Corporate Account
I'm looking for some information about corporate accounts.3,How to Set up a Corporate Account
I'm looking for some information about corporate accounts.4,How to Set up a Corporate Account
I'm looking for some information about corporate accounts.5,How to Set up a Corporate Account
I'm looking for some information about corporate accounts.6,How to Set up a Corporate Account
I'm looking for some information about corporate accounts.7,How to Set up a Corporate Account
I'm looking for some information about corporate accounts.8,How to Set up a Corporate Account
I'm looking for some information about corporate accounts.9,How to Set up a Corporate Account
I'm looking for some information about corporate accounts.10,How to Set up a Corporate Account
I'm looking for some information about corporate accounts.11,How to Set up a Corporate Account
I'm looking for some information about corporate accounts.12,How to Set up a Corporate Account
I'm looking for some information about corporate accounts.13,How to Set up a Corporate Account
I'm looking for some information about corporate accounts.14,How to Set up a Corporate Account
I'm looking for some information about corporate accounts.15,How to Set up a Corporate Account
I'm looking for some information about corporate accounts.16,How to Set up a Corporate Account
I'm looking for some information about corporate accounts.17,How to Set up a Corporate Account
Will I be charged tax on the order?,How to Calculate Sales Tax
How much tax did I pay for my order?,How to Calculate Sales Tax
Did I pay sales tax for my state?,How to Calculate Sales Tax
How do you calculate an actual tax amount?,How to Calculate Sales Tax
I would like to know how tax amount is calculated for my order.1,How to Calculate Sales Tax
I would like to know how tax amount is calculated for my order.2,How to Calculate Sales Tax
I would like to know how tax amount is calculated for my order.3,How to Calculate Sales Tax
I would like to know how tax amount is calculated for my order.4,How to Calculate Sales Tax
I would like to know how tax amount is calculated for my order.5,How to Calculate Sales Tax
I would like to know how tax amount is calculated for my order.6,How to Calculate Sales Tax
I would like to know how tax amount is calculated for my order.7,How to Calculate Sales Tax
I would like to know how tax amount is calculated for my order.8,How to Calculate Sales Tax
I would like to know how tax amount is calculated for my order.9,How to Calculate Sales Tax
I would like to know how tax amount is calculated for my order.10,How to Calculate Sales Tax
I would like to know how tax amount is calculated for my order.11,How to Calculate Sales Tax
I would like to know how tax amount is calculated for my order.12,How to Calculate Sales Tax
I would like to know how tax amount is calculated for my order.13,How to Calculate Sales Tax
I would like to know how tax amount is calculated for my order.14,How to Calculate Sales Tax
I would like to know how tax amount is calculated for my order.15,How to Calculate Sales Tax
I would like to know how tax amount is calculated for my order.16,How to Calculate Sales Tax